DateID , date
1,2023-08-27
2,2023-12-14
3,2023-11-06
4,2023-09-19
5,2023-12-06
6,2023-11-05
7,2023-08-04
8,2023-08-14
9,2023-07-18
10,2023-09-24
11,2023-12-15
12,2023-09-28
13,2023-11-06
14,2023-11-09
15,2023-08-23
16,2023-10-16
17,2023-10-17
18,2023-12-14
19,2023-08-20
20,2023-08-30
21,2023-11-26
22,2023-08-16
23,2023-11-08
24,2023-11-22
25,2023-12-05
26,2023-12-06
27,2023-12-07
28,2023-12-17
29,2023-08-14
30,2023-08-05
31,2023-11-14
32,2023-10-31
33,2023-11-13
34,2023-07-11
35,2023-12-16
36,2023-11-06
37,2023-12-14
38,2023-12-07
39,2023-10-07
40,2023-12-10
41,2023-08-26
42,2023-09-28
43,2023-07-07
44,2023-09-21
45,2023-12-16
46,2023-10-21
47,2023-11-02
48,2023-08-28
49,2023-12-23
50,2023-08-27
51,2023-09-16
52,2023-09-05
53,2023-11-19
54,2023-12-01
55,2023-12-17
56,2023-10-05
57,2023-07-28
58,2023-08-13
59,2023-08-10
60,2023-12-01
61,2023-07-24
62,2023-11-13
63,2023-08-08
64,2023-07-14
65,2023-07-05
66,2023-09-03
67,2023-10-13
68,2023-09-24
69,2023-12-03
70,2023-10-18
71,2023-11-01
72,2023-07-13
73,2023-09-24
74,2023-10-07
75,2023-11-12
76,2023-09-28
77,2023-12-27
78,2023-07-12
79,2023-12-28
80,2023-09-26
81,2023-07-10
82,2023-11-28
83,2023-09-24
84,2023-12-13
85,2023-07-10
86,2023-09-17
87,2023-11-27
88,2023-07-11
89,2023-08-18
90,2023-07-29
91,2023-08-29
92,2023-07-12
93,2023-08-29
94,2023-12-04
95,2023-10-14
96,2023-12-28
97,2023-10-06
98,2023-10-09
99,2023-09-28
100,2023-07-20
101,2023-08-08
102,2023-09-05
103,2023-08-31
104,2023-08-29
105,2023-10-28
106,2023-12-14
107,2023-12-11
108,2023-07-12
109,2023-12-28
110,2023-09-30
111,2023-10-05
112,2023-11-20
113,2023-08-22
114,2023-07-24
115,2023-09-14
116,2023-12-10
117,2023-11-24
118,2023-07-13
119,2023-11-12
120,2023-11-22
121,2023-12-18
122,2023-10-10
123,2023-07-24
124,2023-09-14
125,2023-10-26
126,2023-10-07
127,2023-11-26
128,2023-11-13
129,2023-09-28
130,2023-07-31
131,2023-08-15
132,2023-10-22
133,2023-10-13
134,2023-10-08
135,2023-09-07
136,2023-09-15
137,2023-08-25
138,2023-09-27
139,2023-10-05
140,2023-11-12
141,2023-11-17
142,2023-12-26
143,2023-08-09
144,2023-09-09
145,2023-10-20
146,2023-08-05
147,2023-08-19
148,2023-11-05
149,2023-12-04
150,2023-07-26
151,2023-09-26
152,2023-12-22
153,2023-07-21
154,2023-12-28
155,2023-10-25
156,2023-10-18
157,2023-09-17
158,2023-11-12
159,2023-07-14
160,2023-11-13
161,2023-12-26
162,2023-07-09
163,2023-09-12
164,2023-11-26
165,2023-11-05
166,2023-09-22
167,2023-11-09
168,2023-07-19
169,2023-10-24
170,2023-08-01
171,2023-08-24
172,2023-08-18
173,2023-07-24
174,2023-07-08
175,2023-10-10
176,2023-11-01
177,2023-10-11
178,2023-07-27
179,2023-09-15
180,2023-08-09
